matched_name,HQ CITY,HQ STATE,INDUSTRY,NEWSWEEK_MOST_RESPONSIBLE_2025_RANK,FORTUNE_100_BEST_COMPANIES_TO_WORK_FOR_2024_RANK,JUST_CAPITALS_JUST_100_RANK,POINTS_OF_LIGHT_CIVIC_50
merck,Rahway,NJ,"Health Care, Life Sciences & Pharmaceuticals",1,,,
general mills,Minneapolis,MN,Retail & Consumer Goods,2,,,"GENERAL MILLS, INC."
illumina,San Diego,CA,"Health Care, Life Sciences & Pharmaceuticals",3,,56.0,
applied materials,Santa Clara,CA,Technology,4,,13.0,
tapestry,New York City,NY,Retail & Consumer Goods,5,,,"TAPESTRY, INC."
hp,Palo Alto,CA,Technology,6,86.0,,
mastercard,Purchase,NY,Financial,7,63.0,32.0,
nvidia,Santa Clara,CA,Technology,8,3.0,,
hewlett packard enterprise,Spring,TX,Technology,9,27.0,1.0,HEWLETT PACKARD ENTERPRISE
agilent,Santa Clara,CA,"Health Care, Life Sciences & Pharmaceuticals",10,,,
avery dennison,Glendale,CA,Capital Goods,11,,,
ecolab,St. Paul,MN,Materials & Chemicals,12,,,
analog devices,Wilmington,MA,Technology,13,,,
palo alto networks,Santa Clara,CA,Software,14,,,
american tower,Boston,MA,Media & Telecommunications,15,,,
paypal,San Jose,CA,Financial,16,,,
the hartford,Hartford,CT,Financial,17,,,
keysight,Santa Rosa,CA,Technology,18,,,
advanced micro devices,Santa Clara,CA,Technology,19,,23.0,
regeneron,Tarrytown,NY,"Health Care, Life Sciences & Pharmaceuticals",20,,,
borgwarner,Auburn Hills,MI,Automotive & Components,21,,,
autodesk,San Francisco,CA,Software,22,,,
danaher,Washington,D.C.,"Health Care, Life Sciences & Pharmaceuticals",23,,,
ingersoll rand,Davidson,NC,Capital Goods,24,,,
amn healthcare,Dallas,TX,"Health Care, Life Sciences & Pharmaceuticals",25,,,
lam research,Fremont,CA,Technology,26,,,
adobe,San Jose,CA,Software,27,25.0,,ADOBE INC.
zurn elkay water solutions,Milwaukee,WI,Capital Goods,28,,,
qualcomm,San Diego,CA,Technology,29,,44.0,
ciena,Hanover,MD,Media & Telecommunications,30,,,
cisco systems,San Jose,CA,Technology,31,2.0,,
thermo fisher scientific,Waltham,MA,"Health Care, Life Sciences & Pharmaceuticals",32,,,
visa,San Francisco,CA,Financial,33,49.0,,
tmobile,Bellevue,WA,Media & Telecommunications,34,,,
cbre,Dallas,TX,Real Estate & Housing,35,,,
hni,Muscatine,IA,Retail & Consumer Goods,36,,,
manpowergroup,Milwaukee,WI,Professional Services,37,,,
infinera,San Jose,CA,Technology,38,,,
motorola solutions,Chicago,IL,Technology,39,,,
xylem,Washington,D.C.,Capital Goods,40,,,
otis,Farmington,CT,Capital Goods,41,,,
apple,Cupertino,CA,Technology,42,,,
dxc technology,Tysons,VA,Professional Services,43,,,
edgewell personal care,Shelton,CT,Retail & Consumer Goods,44,,,
humana,Louisville,KY,Financial,45,,,
teradata,San Diego,CA,Software,46,,,
organon,Jersey City,NJ,"Health Care, Life Sciences & Pharmaceuticals",47,,,
keurig dr pepper,Burlington,MA,Retail & Consumer Goods,48,,,
sp global,New York City,NY,Financial,49,,,
general motors,Detroit,MI,Automotive & Components,50,,,
cadence,San Jose,CA,Software,51,9.0,,
juniper networks,Sunnyvale,CA,Technology,52,,,
colgatepalmolive,New York City,NY,Retail & Consumer Goods,53,,,
kimberlyclark,Dallas,TX,Retail & Consumer Goods,54,,,
unitedhealth group,Minnetonka,MN,"Health Care, Life Sciences & Pharmaceuticals",55,,,UNITEDHEALTH GROUP
fifth third bank,Cincinnati,OH,Financial,56,,,
unum group,Chattanooga,TN,Financial,57,,,UNUM GROUP
nasdaq,New York City,NY,Financial,58,,,
ralph lauren,New York City,NY,Retail & Consumer Goods,59,,,
las vegas sands,Las Vegas,NV,"Hotels, Dining & Leisure",60,,,
target,Minneapolis,MN,Retail & Consumer Goods,61,65.0,,
iff,New York City,NY,Materials & Chemicals,62,,,
grainger,Lake Forest,IL,Capital Goods,63,,,
avient,Avon Lake,OH,Materials & Chemicals,64,,,
estée lauder companies,New York City,NY,Retail & Consumer Goods,65,,,
baxter,Deerfield,IL,"Health Care, Life Sciences & Pharmaceuticals",66,,,
fluor,Irving,TX,Capital Goods,67,,,
state street,Boston,MA,Financial,68,,,
lowes companies,Mooresville,NC,Retail & Consumer Goods,69,,,
dell technologies,Round Rock,TX,Technology,70,,,
aptargroup,Crystal Lake,IL,Materials & Chemicals,71,,,
kla,Milpitas,CA,Technology,72,,,
,Oakland,CA,Retail & Consumer Goods,73,41.0,2.0,
,Oakland,CA,Retail & Consumer Goods,73,41.0,3.0,
,Oakland,CA,Retail & Consumer Goods,73,41.0,12.0,
,Oakland,CA,Retail & Consumer Goods,73,41.0,15.0,
,Oakland,CA,Retail & Consumer Goods,73,41.0,21.0,
,Oakland,CA,Retail & Consumer Goods,73,41.0,22.0,
,Oakland,CA,Retail & Consumer Goods,73,41.0,26.0,
,Oakland,CA,Retail & Consumer Goods,73,41.0,27.0,
,Oakland,CA,Retail & Consumer Goods,73,41.0,28.0,
,Oakland,CA,Retail & Consumer Goods,73,41.0,36.0,
,Oakland,CA,Retail & Consumer Goods,73,41.0,38.0,
,Oakland,CA,Retail & Consumer Goods,73,41.0,41.0,
,Oakland,CA,Retail & Consumer Goods,73,41.0,43.0,
,Oakland,CA,Retail & Consumer Goods,73,41.0,46.0,
,Oakland,CA,Retail & Consumer Goods,73,41.0,47.0,
,Oakland,CA,Retail & Consumer Goods,73,41.0,51.0,
,Oakland,CA,Retail & Consumer Goods,73,41.0,52.0,
,Oakland,CA,Retail & Consumer Goods,73,41.0,58.0,
,Oakland,CA,Retail & Consumer Goods,73,41.0,63.0,
,Oakland,CA,Retail & Consumer Goods,73,41.0,64.0,
,Oakland,CA,Retail & Consumer Goods,73,41.0,66.0,
,Oakland,CA,Retail & Consumer Goods,73,41.0,68.0,
,Oakland,CA,Retail & Consumer Goods,73,41.0,70.0,
,Oakland,CA,Retail & Consumer Goods,73,41.0,72.0,
,Oakland,CA,Retail & Consumer Goods,73,41.0,73.0,
,Oakland,CA,Retail & Consumer Goods,73,41.0,75.0,
,Oakland,CA,Retail & Consumer Goods,73,41.0,78.0,
,Oakland,CA,Retail & Consumer Goods,73,41.0,82.0,
,Oakland,CA,Retail & Consumer Goods,73,41.0,83.0,
,Oakland,CA,Retail & Consumer Goods,73,41.0,85.0,
,Oakland,CA,Retail & Consumer Goods,73,41.0,86.0,
,Oakland,CA,Retail & Consumer Goods,73,41.0,89.0,
,Oakland,CA,Retail & Consumer Goods,73,41.0,90.0,
,Oakland,CA,Retail & Consumer Goods,73,41.0,94.0,
,Oakland,CA,Retail & Consumer Goods,73,41.0,95.0,
,Oakland,CA,Retail & Consumer Goods,73,41.0,97.0,
,Oakland,CA,Retail & Consumer Goods,73,41.0,100.0,
,Oakland,CA,Retail & Consumer Goods,73,91.0,2.0,
,Oakland,CA,Retail & Consumer Goods,73,91.0,3.0,
,Oakland,CA,Retail & Consumer Goods,73,91.0,12.0,
,Oakland,CA,Retail & Consumer Goods,73,91.0,15.0,
,Oakland,CA,Retail & Consumer Goods,73,91.0,21.0,
,Oakland,CA,Retail & Consumer Goods,73,91.0,22.0,
,Oakland,CA,Retail & Consumer Goods,73,91.0,26.0,
,Oakland,CA,Retail & Consumer Goods,73,91.0,27.0,
,Oakland,CA,Retail & Consumer Goods,73,91.0,28.0,
,Oakland,CA,Retail & Consumer Goods,73,91.0,36.0,
,Oakland,CA,Retail & Consumer Goods,73,91.0,38.0,
,Oakland,CA,Retail & Consumer Goods,73,91.0,41.0,
,Oakland,CA,Retail & Consumer Goods,73,91.0,43.0,
,Oakland,CA,Retail & Consumer Goods,73,91.0,46.0,
,Oakland,CA,Retail & Consumer Goods,73,91.0,47.0,
,Oakland,CA,Retail & Consumer Goods,73,91.0,51.0,
,Oakland,CA,Retail & Consumer Goods,73,91.0,52.0,
,Oakland,CA,Retail & Consumer Goods,73,91.0,58.0,
,Oakland,CA,Retail & Consumer Goods,73,91.0,63.0,
,Oakland,CA,Retail & Consumer Goods,73,91.0,64.0,
,Oakland,CA,Retail & Consumer Goods,73,91.0,66.0,
,Oakland,CA,Retail & Consumer Goods,73,91.0,68.0,
,Oakland,CA,Retail & Consumer Goods,73,91.0,70.0,
,Oakland,CA,Retail & Consumer Goods,73,91.0,72.0,
,Oakland,CA,Retail & Consumer Goods,73,91.0,73.0,
,Oakland,CA,Retail & Consumer Goods,73,91.0,75.0,
,Oakland,CA,Retail & Consumer Goods,73,91.0,78.0,
,Oakland,CA,Retail & Consumer Goods,73,91.0,82.0,
,Oakland,CA,Retail & Consumer Goods,73,91.0,83.0,
,Oakland,CA,Retail & Consumer Goods,73,91.0,85.0,
,Oakland,CA,Retail & Consumer Goods,73,91.0,86.0,
,Oakland,CA,Retail & Consumer Goods,73,91.0,89.0,
,Oakland,CA,Retail & Consumer Goods,73,91.0,90.0,
,Oakland,CA,Retail & Consumer Goods,73,91.0,94.0,
,Oakland,CA,Retail & Consumer Goods,73,91.0,95.0,
,Oakland,CA,Retail & Consumer Goods,73,91.0,97.0,
,Oakland,CA,Retail & Consumer Goods,73,91.0,100.0,
,Hunt Valley,MD,Retail & Consumer Goods,191,41.0,2.0,
,Hunt Valley,MD,Retail & Consumer Goods,191,41.0,3.0,
,Hunt Valley,MD,Retail & Consumer Goods,191,41.0,12.0,
,Hunt Valley,MD,Retail & Consumer Goods,191,41.0,15.0,
,Hunt Valley,MD,Retail & Consumer Goods,191,41.0,21.0,
,Hunt Valley,MD,Retail & Consumer Goods,191,41.0,22.0,
,Hunt Valley,MD,Retail & Consumer Goods,191,41.0,26.0,
,Hunt Valley,MD,Retail & Consumer Goods,191,41.0,27.0,
,Hunt Valley,MD,Retail & Consumer Goods,191,41.0,28.0,
,Hunt Valley,MD,Retail & Consumer Goods,191,41.0,36.0,
,Hunt Valley,MD,Retail & Consumer Goods,191,41.0,38.0,
,Hunt Valley,MD,Retail & Consumer Goods,191,41.0,41.0,
,Hunt Valley,MD,Retail & Consumer Goods,191,41.0,43.0,
,Hunt Valley,MD,Retail & Consumer Goods,191,41.0,46.0,
,Hunt Valley,MD,Retail & Consumer Goods,191,41.0,47.0,
,Hunt Valley,MD,Retail & Consumer Goods,191,41.0,51.0,
,Hunt Valley,MD,Retail & Consumer Goods,191,41.0,52.0,
,Hunt Valley,MD,Retail & Consumer Goods,191,41.0,58.0,
,Hunt Valley,MD,Retail & Consumer Goods,191,41.0,63.0,
,Hunt Valley,MD,Retail & Consumer Goods,191,41.0,64.0,
,Hunt Valley,MD,Retail & Consumer Goods,191,41.0,66.0,
,Hunt Valley,MD,Retail & Consumer Goods,191,41.0,68.0,
,Hunt Valley,MD,Retail & Consumer Goods,191,41.0,70.0,
,Hunt Valley,MD,Retail & Consumer Goods,191,41.0,72.0,
,Hunt Valley,MD,Retail & Consumer Goods,191,41.0,73.0,
,Hunt Valley,MD,Retail & Consumer Goods,191,41.0,75.0,
,Hunt Valley,MD,Retail & Consumer Goods,191,41.0,78.0,
,Hunt Valley,MD,Retail & Consumer Goods,191,41.0,82.0,
,Hunt Valley,MD,Retail & Consumer Goods,191,41.0,83.0,
,Hunt Valley,MD,Retail & Consumer Goods,191,41.0,85.0,
,Hunt Valley,MD,Retail & Consumer Goods,191,41.0,86.0,
,Hunt Valley,MD,Retail & Consumer Goods,191,41.0,89.0,
,Hunt Valley,MD,Retail & Consumer Goods,191,41.0,90.0,
,Hunt Valley,MD,Retail & Consumer Goods,191,41.0,94.0,
,Hunt Valley,MD,Retail & Consumer Goods,191,41.0,95.0,
,Hunt Valley,MD,Retail & Consumer Goods,191,41.0,97.0,
,Hunt Valley,MD,Retail & Consumer Goods,191,41.0,100.0,
,Hunt Valley,MD,Retail & Consumer Goods,191,91.0,2.0,
,Hunt Valley,MD,Retail & Consumer Goods,191,91.0,3.0,
,Hunt Valley,MD,Retail & Consumer Goods,191,91.0,12.0,
,Hunt Valley,MD,Retail & Consumer Goods,191,91.0,15.0,
,Hunt Valley,MD,Retail & Consumer Goods,191,91.0,21.0,
,Hunt Valley,MD,Retail & Consumer Goods,191,91.0,22.0,
,Hunt Valley,MD,Retail & Consumer Goods,191,91.0,26.0,
,Hunt Valley,MD,Retail & Consumer Goods,191,91.0,27.0,
,Hunt Valley,MD,Retail & Consumer Goods,191,91.0,28.0,
,Hunt Valley,MD,Retail & Consumer Goods,191,91.0,36.0,
,Hunt Valley,MD,Retail & Consumer Goods,191,91.0,38.0,
,Hunt Valley,MD,Retail & Consumer Goods,191,91.0,41.0,
,Hunt Valley,MD,Retail & Consumer Goods,191,91.0,43.0,
,Hunt Valley,MD,Retail & Consumer Goods,191,91.0,46.0,
,Hunt Valley,MD,Retail & Consumer Goods,191,91.0,47.0,
,Hunt Valley,MD,Retail & Consumer Goods,191,91.0,51.0,
,Hunt Valley,MD,Retail & Consumer Goods,191,91.0,52.0,
,Hunt Valley,MD,Retail & Consumer Goods,191,91.0,58.0,
,Hunt Valley,MD,Retail & Consumer Goods,191,91.0,63.0,
,Hunt Valley,MD,Retail & Consumer Goods,191,91.0,64.0,
,Hunt Valley,MD,Retail & Consumer Goods,191,91.0,66.0,
,Hunt Valley,MD,Retail & Consumer Goods,191,91.0,68.0,
,Hunt Valley,MD,Retail & Consumer Goods,191,91.0,70.0,
,Hunt Valley,MD,Retail & Consumer Goods,191,91.0,72.0,
,Hunt Valley,MD,Retail & Consumer Goods,191,91.0,73.0,
,Hunt Valley,MD,Retail & Consumer Goods,191,91.0,75.0,
,Hunt Valley,MD,Retail & Consumer Goods,191,91.0,78.0,
,Hunt Valley,MD,Retail & Consumer Goods,191,91.0,82.0,
,Hunt Valley,MD,Retail & Consumer Goods,191,91.0,83.0,
,Hunt Valley,MD,Retail & Consumer Goods,191,91.0,85.0,
,Hunt Valley,MD,Retail & Consumer Goods,191,91.0,86.0,
,Hunt Valley,MD,Retail & Consumer Goods,191,91.0,89.0,
,Hunt Valley,MD,Retail & Consumer Goods,191,91.0,90.0,
,Hunt Valley,MD,Retail & Consumer Goods,191,91.0,94.0,
,Hunt Valley,MD,Retail & Consumer Goods,191,91.0,95.0,
,Hunt Valley,MD,Retail & Consumer Goods,191,91.0,97.0,
,Hunt Valley,MD,Retail & Consumer Goods,191,91.0,100.0,
,Denver,CO,Retail & Consumer Goods,287,41.0,2.0,
,Denver,CO,Retail & Consumer Goods,287,41.0,3.0,
,Denver,CO,Retail & Consumer Goods,287,41.0,12.0,
,Denver,CO,Retail & Consumer Goods,287,41.0,15.0,
,Denver,CO,Retail & Consumer Goods,287,41.0,21.0,
,Denver,CO,Retail & Consumer Goods,287,41.0,22.0,
,Denver,CO,Retail & Consumer Goods,287,41.0,26.0,
,Denver,CO,Retail & Consumer Goods,287,41.0,27.0,
,Denver,CO,Retail & Consumer Goods,287,41.0,28.0,
,Denver,CO,Retail & Consumer Goods,287,41.0,36.0,
,Denver,CO,Retail & Consumer Goods,287,41.0,38.0,
,Denver,CO,Retail & Consumer Goods,287,41.0,41.0,
,Denver,CO,Retail & Consumer Goods,287,41.0,43.0,
,Denver,CO,Retail & Consumer Goods,287,41.0,46.0,
,Denver,CO,Retail & Consumer Goods,287,41.0,47.0,
,Denver,CO,Retail & Consumer Goods,287,41.0,51.0,
,Denver,CO,Retail & Consumer Goods,287,41.0,52.0,
,Denver,CO,Retail & Consumer Goods,287,41.0,58.0,
,Denver,CO,Retail & Consumer Goods,287,41.0,63.0,
,Denver,CO,Retail & Consumer Goods,287,41.0,64.0,
,Denver,CO,Retail & Consumer Goods,287,41.0,66.0,
,Denver,CO,Retail & Consumer Goods,287,41.0,68.0,
,Denver,CO,Retail & Consumer Goods,287,41.0,70.0,
,Denver,CO,Retail & Consumer Goods,287,41.0,72.0,
,Denver,CO,Retail & Consumer Goods,287,41.0,73.0,
,Denver,CO,Retail & Consumer Goods,287,41.0,75.0,
,Denver,CO,Retail & Consumer Goods,287,41.0,78.0,
,Denver,CO,Retail & Consumer Goods,287,41.0,82.0,
,Denver,CO,Retail & Consumer Goods,287,41.0,83.0,
,Denver,CO,Retail & Consumer Goods,287,41.0,85.0,
,Denver,CO,Retail & Consumer Goods,287,41.0,86.0,
,Denver,CO,Retail & Consumer Goods,287,41.0,89.0,
,Denver,CO,Retail & Consumer Goods,287,41.0,90.0,
,Denver,CO,Retail & Consumer Goods,287,41.0,94.0,
,Denver,CO,Retail & Consumer Goods,287,41.0,95.0,
,Denver,CO,Retail & Consumer Goods,287,41.0,97.0,
,Denver,CO,Retail & Consumer Goods,287,41.0,100.0,
,Denver,CO,Retail & Consumer Goods,287,91.0,2.0,
,Denver,CO,Retail & Consumer Goods,287,91.0,3.0,
,Denver,CO,Retail & Consumer Goods,287,91.0,12.0,
,Denver,CO,Retail & Consumer Goods,287,91.0,15.0,
,Denver,CO,Retail & Consumer Goods,287,91.0,21.0,
,Denver,CO,Retail & Consumer Goods,287,91.0,22.0,
,Denver,CO,Retail & Consumer Goods,287,91.0,26.0,
,Denver,CO,Retail & Consumer Goods,287,91.0,27.0,
,Denver,CO,Retail & Consumer Goods,287,91.0,28.0,
,Denver,CO,Retail & Consumer Goods,287,91.0,36.0,
,Denver,CO,Retail & Consumer Goods,287,91.0,38.0,
,Denver,CO,Retail & Consumer Goods,287,91.0,41.0,
,Denver,CO,Retail & Consumer Goods,287,91.0,43.0,
,Denver,CO,Retail & Consumer Goods,287,91.0,46.0,
,Denver,CO,Retail & Consumer Goods,287,91.0,47.0,
,Denver,CO,Retail & Consumer Goods,287,91.0,51.0,
,Denver,CO,Retail & Consumer Goods,287,91.0,52.0,
,Denver,CO,Retail & Consumer Goods,287,91.0,58.0,
,Denver,CO,Retail & Consumer Goods,287,91.0,63.0,
,Denver,CO,Retail & Consumer Goods,287,91.0,64.0,
,Denver,CO,Retail & Consumer Goods,287,91.0,66.0,
,Denver,CO,Retail & Consumer Goods,287,91.0,68.0,
,Denver,CO,Retail & Consumer Goods,287,91.0,70.0,
,Denver,CO,Retail & Consumer Goods,287,91.0,72.0,
,Denver,CO,Retail & Consumer Goods,287,91.0,73.0,
,Denver,CO,Retail & Consumer Goods,287,91.0,75.0,
,Denver,CO,Retail & Consumer Goods,287,91.0,78.0,
,Denver,CO,Retail & Consumer Goods,287,91.0,82.0,
,Denver,CO,Retail & Consumer Goods,287,91.0,83.0,
,Denver,CO,Retail & Consumer Goods,287,91.0,85.0,
,Denver,CO,Retail & Consumer Goods,287,91.0,86.0,
,Denver,CO,Retail & Consumer Goods,287,91.0,89.0,
,Denver,CO,Retail & Consumer Goods,287,91.0,90.0,
,Denver,CO,Retail & Consumer Goods,287,91.0,94.0,
,Denver,CO,Retail & Consumer Goods,287,91.0,95.0,
,Denver,CO,Retail & Consumer Goods,287,91.0,97.0,
,Denver,CO,Retail & Consumer Goods,287,91.0,100.0,
,Eden Prairie,MN,Capital Goods,445,41.0,2.0,
,Eden Prairie,MN,Capital Goods,445,41.0,3.0,
,Eden Prairie,MN,Capital Goods,445,41.0,12.0,
,Eden Prairie,MN,Capital Goods,445,41.0,15.0,
,Eden Prairie,MN,Capital Goods,445,41.0,21.0,
,Eden Prairie,MN,Capital Goods,445,41.0,22.0,
,Eden Prairie,MN,Capital Goods,445,41.0,26.0,
,Eden Prairie,MN,Capital Goods,445,41.0,27.0,
,Eden Prairie,MN,Capital Goods,445,41.0,28.0,
,Eden Prairie,MN,Capital Goods,445,41.0,36.0,
,Eden Prairie,MN,Capital Goods,445,41.0,38.0,
,Eden Prairie,MN,Capital Goods,445,41.0,41.0,
,Eden Prairie,MN,Capital Goods,445,41.0,43.0,
,Eden Prairie,MN,Capital Goods,445,41.0,46.0,
,Eden Prairie,MN,Capital Goods,445,41.0,47.0,
,Eden Prairie,MN,Capital Goods,445,41.0,51.0,
,Eden Prairie,MN,Capital Goods,445,41.0,52.0,
,Eden Prairie,MN,Capital Goods,445,41.0,58.0,
,Eden Prairie,MN,Capital Goods,445,41.0,63.0,
,Eden Prairie,MN,Capital Goods,445,41.0,64.0,
,Eden Prairie,MN,Capital Goods,445,41.0,66.0,
,Eden Prairie,MN,Capital Goods,445,41.0,68.0,
,Eden Prairie,MN,Capital Goods,445,41.0,70.0,
,Eden Prairie,MN,Capital Goods,445,41.0,72.0,
,Eden Prairie,MN,Capital Goods,445,41.0,73.0,
,Eden Prairie,MN,Capital Goods,445,41.0,75.0,
,Eden Prairie,MN,Capital Goods,445,41.0,78.0,
,Eden Prairie,MN,Capital Goods,445,41.0,82.0,
,Eden Prairie,MN,Capital Goods,445,41.0,83.0,
,Eden Prairie,MN,Capital Goods,445,41.0,85.0,
,Eden Prairie,MN,Capital Goods,445,41.0,86.0,
,Eden Prairie,MN,Capital Goods,445,41.0,89.0,
,Eden Prairie,MN,Capital Goods,445,41.0,90.0,
,Eden Prairie,MN,Capital Goods,445,41.0,94.0,
,Eden Prairie,MN,Capital Goods,445,41.0,95.0,
,Eden Prairie,MN,Capital Goods,445,41.0,97.0,
,Eden Prairie,MN,Capital Goods,445,41.0,100.0,
,Eden Prairie,MN,Capital Goods,445,91.0,2.0,
,Eden Prairie,MN,Capital Goods,445,91.0,3.0,
,Eden Prairie,MN,Capital Goods,445,91.0,12.0,
,Eden Prairie,MN,Capital Goods,445,91.0,15.0,
,Eden Prairie,MN,Capital Goods,445,91.0,21.0,
,Eden Prairie,MN,Capital Goods,445,91.0,22.0,
,Eden Prairie,MN,Capital Goods,445,91.0,26.0,
,Eden Prairie,MN,Capital Goods,445,91.0,27.0,
,Eden Prairie,MN,Capital Goods,445,91.0,28.0,
,Eden Prairie,MN,Capital Goods,445,91.0,36.0,
,Eden Prairie,MN,Capital Goods,445,91.0,38.0,
,Eden Prairie,MN,Capital Goods,445,91.0,41.0,
,Eden Prairie,MN,Capital Goods,445,91.0,43.0,
,Eden Prairie,MN,Capital Goods,445,91.0,46.0,
,Eden Prairie,MN,Capital Goods,445,91.0,47.0,
,Eden Prairie,MN,Capital Goods,445,91.0,51.0,
,Eden Prairie,MN,Capital Goods,445,91.0,52.0,
,Eden Prairie,MN,Capital Goods,445,91.0,58.0,
,Eden Prairie,MN,Capital Goods,445,91.0,63.0,
,Eden Prairie,MN,Capital Goods,445,91.0,64.0,
,Eden Prairie,MN,Capital Goods,445,91.0,66.0,
,Eden Prairie,MN,Capital Goods,445,91.0,68.0,
,Eden Prairie,MN,Capital Goods,445,91.0,70.0,
,Eden Prairie,MN,Capital Goods,445,91.0,72.0,
,Eden Prairie,MN,Capital Goods,445,91.0,73.0,
,Eden Prairie,MN,Capital Goods,445,91.0,75.0,
,Eden Prairie,MN,Capital Goods,445,91.0,78.0,
,Eden Prairie,MN,Capital Goods,445,91.0,82.0,
,Eden Prairie,MN,Capital Goods,445,91.0,83.0,
,Eden Prairie,MN,Capital Goods,445,91.0,85.0,
,Eden Prairie,MN,Capital Goods,445,91.0,86.0,
,Eden Prairie,MN,Capital Goods,445,91.0,89.0,
,Eden Prairie,MN,Capital Goods,445,91.0,90.0,
,Eden Prairie,MN,Capital Goods,445,91.0,94.0,
,Eden Prairie,MN,Capital Goods,445,91.0,95.0,
,Eden Prairie,MN,Capital Goods,445,91.0,97.0,
,Eden Prairie,MN,Capital Goods,445,91.0,100.0,
,Houston,TX,Energy & Utilities,486,41.0,2.0,
,Houston,TX,Energy & Utilities,486,41.0,3.0,
,Houston,TX,Energy & Utilities,486,41.0,12.0,
,Houston,TX,Energy & Utilities,486,41.0,15.0,
,Houston,TX,Energy & Utilities,486,41.0,21.0,
,Houston,TX,Energy & Utilities,486,41.0,22.0,
,Houston,TX,Energy & Utilities,486,41.0,26.0,
,Houston,TX,Energy & Utilities,486,41.0,27.0,
,Houston,TX,Energy & Utilities,486,41.0,28.0,
,Houston,TX,Energy & Utilities,486,41.0,36.0,
,Houston,TX,Energy & Utilities,486,41.0,38.0,
,Houston,TX,Energy & Utilities,486,41.0,41.0,
,Houston,TX,Energy & Utilities,486,41.0,43.0,
,Houston,TX,Energy & Utilities,486,41.0,46.0,
,Houston,TX,Energy & Utilities,486,41.0,47.0,
,Houston,TX,Energy & Utilities,486,41.0,51.0,
,Houston,TX,Energy & Utilities,486,41.0,52.0,
,Houston,TX,Energy & Utilities,486,41.0,58.0,
,Houston,TX,Energy & Utilities,486,41.0,63.0,
,Houston,TX,Energy & Utilities,486,41.0,64.0,
,Houston,TX,Energy & Utilities,486,41.0,66.0,
,Houston,TX,Energy & Utilities,486,41.0,68.0,
,Houston,TX,Energy & Utilities,486,41.0,70.0,
,Houston,TX,Energy & Utilities,486,41.0,72.0,
,Houston,TX,Energy & Utilities,486,41.0,73.0,
,Houston,TX,Energy & Utilities,486,41.0,75.0,
,Houston,TX,Energy & Utilities,486,41.0,78.0,
,Houston,TX,Energy & Utilities,486,41.0,82.0,
,Houston,TX,Energy & Utilities,486,41.0,83.0,
,Houston,TX,Energy & Utilities,486,41.0,85.0,
,Houston,TX,Energy & Utilities,486,41.0,86.0,
,Houston,TX,Energy & Utilities,486,41.0,89.0,
,Houston,TX,Energy & Utilities,486,41.0,90.0,
,Houston,TX,Energy & Utilities,486,41.0,94.0,
,Houston,TX,Energy & Utilities,486,41.0,95.0,
,Houston,TX,Energy & Utilities,486,41.0,97.0,
,Houston,TX,Energy & Utilities,486,41.0,100.0,
,Houston,TX,Energy & Utilities,486,91.0,2.0,
,Houston,TX,Energy & Utilities,486,91.0,3.0,
,Houston,TX,Energy & Utilities,486,91.0,12.0,
,Houston,TX,Energy & Utilities,486,91.0,15.0,
,Houston,TX,Energy & Utilities,486,91.0,21.0,
,Houston,TX,Energy & Utilities,486,91.0,22.0,
,Houston,TX,Energy & Utilities,486,91.0,26.0,
,Houston,TX,Energy & Utilities,486,91.0,27.0,
,Houston,TX,Energy & Utilities,486,91.0,28.0,
,Houston,TX,Energy & Utilities,486,91.0,36.0,
,Houston,TX,Energy & Utilities,486,91.0,38.0,
,Houston,TX,Energy & Utilities,486,91.0,41.0,
,Houston,TX,Energy & Utilities,486,91.0,43.0,
,Houston,TX,Energy & Utilities,486,91.0,46.0,
,Houston,TX,Energy & Utilities,486,91.0,47.0,
,Houston,TX,Energy & Utilities,486,91.0,51.0,
,Houston,TX,Energy & Utilities,486,91.0,52.0,
,Houston,TX,Energy & Utilities,486,91.0,58.0,
,Houston,TX,Energy & Utilities,486,91.0,63.0,
,Houston,TX,Energy & Utilities,486,91.0,64.0,
,Houston,TX,Energy & Utilities,486,91.0,66.0,
,Houston,TX,Energy & Utilities,486,91.0,68.0,
,Houston,TX,Energy & Utilities,486,91.0,70.0,
,Houston,TX,Energy & Utilities,486,91.0,72.0,
,Houston,TX,Energy & Utilities,486,91.0,73.0,
,Houston,TX,Energy & Utilities,486,91.0,75.0,
,Houston,TX,Energy & Utilities,486,91.0,78.0,
,Houston,TX,Energy & Utilities,486,91.0,82.0,
,Houston,TX,Energy & Utilities,486,91.0,83.0,
,Houston,TX,Energy & Utilities,486,91.0,85.0,
,Houston,TX,Energy & Utilities,486,91.0,86.0,
,Houston,TX,Energy & Utilities,486,91.0,89.0,
,Houston,TX,Energy & Utilities,486,91.0,90.0,
,Houston,TX,Energy & Utilities,486,91.0,94.0,
,Houston,TX,Energy & Utilities,486,91.0,95.0,
,Houston,TX,Energy & Utilities,486,91.0,97.0,
,Houston,TX,Energy & Utilities,486,91.0,100.0,
,New York City,NY,Media & Telecommunications,554,41.0,2.0,
,New York City,NY,Media & Telecommunications,554,41.0,3.0,
,New York City,NY,Media & Telecommunications,554,41.0,12.0,
,New York City,NY,Media & Telecommunications,554,41.0,15.0,
,New York City,NY,Media & Telecommunications,554,41.0,21.0,
,New York City,NY,Media & Telecommunications,554,41.0,22.0,
,New York City,NY,Media & Telecommunications,554,41.0,26.0,
,New York City,NY,Media & Telecommunications,554,41.0,27.0,
,New York City,NY,Media & Telecommunications,554,41.0,28.0,
,New York City,NY,Media & Telecommunications,554,41.0,36.0,
,New York City,NY,Media & Telecommunications,554,41.0,38.0,
,New York City,NY,Media & Telecommunications,554,41.0,41.0,
,New York City,NY,Media & Telecommunications,554,41.0,43.0,
,New York City,NY,Media & Telecommunications,554,41.0,46.0,
,New York City,NY,Media & Telecommunications,554,41.0,47.0,
,New York City,NY,Media & Telecommunications,554,41.0,51.0,
,New York City,NY,Media & Telecommunications,554,41.0,52.0,
,New York City,NY,Media & Telecommunications,554,41.0,58.0,
,New York City,NY,Media & Telecommunications,554,41.0,63.0,
,New York City,NY,Media & Telecommunications,554,41.0,64.0,
,New York City,NY,Media & Telecommunications,554,41.0,66.0,
,New York City,NY,Media & Telecommunications,554,41.0,68.0,
,New York City,NY,Media & Telecommunications,554,41.0,70.0,
,New York City,NY,Media & Telecommunications,554,41.0,72.0,
,New York City,NY,Media & Telecommunications,554,41.0,73.0,
,New York City,NY,Media & Telecommunications,554,41.0,75.0,
,New York City,NY,Media & Telecommunications,554,41.0,78.0,
,New York City,NY,Media & Telecommunications,554,41.0,82.0,
,New York City,NY,Media & Telecommunications,554,41.0,83.0,
,New York City,NY,Media & Telecommunications,554,41.0,85.0,
,New York City,NY,Media & Telecommunications,554,41.0,86.0,
,New York City,NY,Media & Telecommunications,554,41.0,89.0,
,New York City,NY,Media & Telecommunications,554,41.0,90.0,
,New York City,NY,Media & Telecommunications,554,41.0,94.0,
,New York City,NY,Media & Telecommunications,554,41.0,95.0,
,New York City,NY,Media & Telecommunications,554,41.0,97.0,
,New York City,NY,Media & Telecommunications,554,41.0,100.0,
,New York City,NY,Media & Telecommunications,554,91.0,2.0,
,New York City,NY,Media & Telecommunications,554,91.0,3.0,
,New York City,NY,Media & Telecommunications,554,91.0,12.0,
,New York City,NY,Media & Telecommunications,554,91.0,15.0,
,New York City,NY,Media & Telecommunications,554,91.0,21.0,
,New York City,NY,Media & Telecommunications,554,91.0,22.0,
,New York City,NY,Media & Telecommunications,554,91.0,26.0,
,New York City,NY,Media & Telecommunications,554,91.0,27.0,
,New York City,NY,Media & Telecommunications,554,91.0,28.0,
,New York City,NY,Media & Telecommunications,554,91.0,36.0,
,New York City,NY,Media & Telecommunications,554,91.0,38.0,
,New York City,NY,Media & Telecommunications,554,91.0,41.0,
,New York City,NY,Media & Telecommunications,554,91.0,43.0,
,New York City,NY,Media & Telecommunications,554,91.0,46.0,
,New York City,NY,Media & Telecommunications,554,91.0,47.0,
,New York City,NY,Media & Telecommunications,554,91.0,51.0,
,New York City,NY,Media & Telecommunications,554,91.0,52.0,
,New York City,NY,Media & Telecommunications,554,91.0,58.0,
,New York City,NY,Media & Telecommunications,554,91.0,63.0,
,New York City,NY,Media & Telecommunications,554,91.0,64.0,
,New York City,NY,Media & Telecommunications,554,91.0,66.0,
,New York City,NY,Media & Telecommunications,554,91.0,68.0,
,New York City,NY,Media & Telecommunications,554,91.0,70.0,
,New York City,NY,Media & Telecommunications,554,91.0,72.0,
,New York City,NY,Media & Telecommunications,554,91.0,73.0,
,New York City,NY,Media & Telecommunications,554,91.0,75.0,
,New York City,NY,Media & Telecommunications,554,91.0,78.0,
,New York City,NY,Media & Telecommunications,554,91.0,82.0,
,New York City,NY,Media & Telecommunications,554,91.0,83.0,
,New York City,NY,Media & Telecommunications,554,91.0,85.0,
,New York City,NY,Media & Telecommunications,554,91.0,86.0,
,New York City,NY,Media & Telecommunications,554,91.0,89.0,
,New York City,NY,Media & Telecommunications,554,91.0,90.0,
,New York City,NY,Media & Telecommunications,554,91.0,94.0,
,New York City,NY,Media & Telecommunications,554,91.0,95.0,
,New York City,NY,Media & Telecommunications,554,91.0,97.0,
,New York City,NY,Media & Telecommunications,554,91.0,100.0,
,Chandler,AZ,Technology,592,41.0,2.0,
,Chandler,AZ,Technology,592,41.0,3.0,
,Chandler,AZ,Technology,592,41.0,12.0,
,Chandler,AZ,Technology,592,41.0,15.0,
,Chandler,AZ,Technology,592,41.0,21.0,
,Chandler,AZ,Technology,592,41.0,22.0,
,Chandler,AZ,Technology,592,41.0,26.0,
,Chandler,AZ,Technology,592,41.0,27.0,
,Chandler,AZ,Technology,592,41.0,28.0,
,Chandler,AZ,Technology,592,41.0,36.0,
,Chandler,AZ,Technology,592,41.0,38.0,
,Chandler,AZ,Technology,592,41.0,41.0,
,Chandler,AZ,Technology,592,41.0,43.0,
,Chandler,AZ,Technology,592,41.0,46.0,
,Chandler,AZ,Technology,592,41.0,47.0,
,Chandler,AZ,Technology,592,41.0,51.0,
,Chandler,AZ,Technology,592,41.0,52.0,
,Chandler,AZ,Technology,592,41.0,58.0,
,Chandler,AZ,Technology,592,41.0,63.0,
,Chandler,AZ,Technology,592,41.0,64.0,
,Chandler,AZ,Technology,592,41.0,66.0,
,Chandler,AZ,Technology,592,41.0,68.0,
,Chandler,AZ,Technology,592,41.0,70.0,
,Chandler,AZ,Technology,592,41.0,72.0,
,Chandler,AZ,Technology,592,41.0,73.0,
,Chandler,AZ,Technology,592,41.0,75.0,
,Chandler,AZ,Technology,592,41.0,78.0,
,Chandler,AZ,Technology,592,41.0,82.0,
,Chandler,AZ,Technology,592,41.0,83.0,
,Chandler,AZ,Technology,592,41.0,85.0,
,Chandler,AZ,Technology,592,41.0,86.0,
,Chandler,AZ,Technology,592,41.0,89.0,
,Chandler,AZ,Technology,592,41.0,90.0,
,Chandler,AZ,Technology,592,41.0,94.0,
,Chandler,AZ,Technology,592,41.0,95.0,
,Chandler,AZ,Technology,592,41.0,97.0,
,Chandler,AZ,Technology,592,41.0,100.0,
,Chandler,AZ,Technology,592,91.0,2.0,
,Chandler,AZ,Technology,592,91.0,3.0,
,Chandler,AZ,Technology,592,91.0,12.0,
,Chandler,AZ,Technology,592,91.0,15.0,
,Chandler,AZ,Technology,592,91.0,21.0,
,Chandler,AZ,Technology,592,91.0,22.0,
,Chandler,AZ,Technology,592,91.0,26.0,
,Chandler,AZ,Technology,592,91.0,27.0,
,Chandler,AZ,Technology,592,91.0,28.0,
,Chandler,AZ,Technology,592,91.0,36.0,
,Chandler,AZ,Technology,592,91.0,38.0,
,Chandler,AZ,Technology,592,91.0,41.0,
,Chandler,AZ,Technology,592,91.0,43.0,
,Chandler,AZ,Technology,592,91.0,46.0,
,Chandler,AZ,Technology,592,91.0,47.0,
,Chandler,AZ,Technology,592,91.0,51.0,
,Chandler,AZ,Technology,592,91.0,52.0,
,Chandler,AZ,Technology,592,91.0,58.0,
,Chandler,AZ,Technology,592,91.0,63.0,
,Chandler,AZ,Technology,592,91.0,64.0,
,Chandler,AZ,Technology,592,91.0,66.0,
,Chandler,AZ,Technology,592,91.0,68.0,
,Chandler,AZ,Technology,592,91.0,70.0,
,Chandler,AZ,Technology,592,91.0,72.0,
,Chandler,AZ,Technology,592,91.0,73.0,
,Chandler,AZ,Technology,592,91.0,75.0,
,Chandler,AZ,Technology,592,91.0,78.0,
,Chandler,AZ,Technology,592,91.0,82.0,
,Chandler,AZ,Technology,592,91.0,83.0,
,Chandler,AZ,Technology,592,91.0,85.0,
,Chandler,AZ,Technology,592,91.0,86.0,
,Chandler,AZ,Technology,592,91.0,89.0,
,Chandler,AZ,Technology,592,91.0,90.0,
,Chandler,AZ,Technology,592,91.0,94.0,
,Chandler,AZ,Technology,592,91.0,95.0,
,Chandler,AZ,Technology,592,91.0,97.0,
,Chandler,AZ,Technology,592,91.0,100.0,
lear,Southfield,MI,Automotive & Components,74,,,
moodys,New York City,NY,Financial,75,,,
pfizer,New York City,NY,"Health Care, Life Sciences & Pharmaceuticals",76,,,
prologis,San Francisco,CA,Real Estate & Housing,77,,,
baker hughes,Houston,TX,Energy & Utilities,78,,,
microchip,Chandler,AZ,Technology,79,,,
metlife,New York City,NY,Financial,80,36.0,,
american express,New York City,NY,Financial,81,4.0,39.0,
owens corning,Toledo,OH,Materials & Chemicals,82,,77.0,
boston properties,Boston,MA,Real Estate & Housing,83,,,
microsoft,Redmond,WA,Software,84,,,
lumentum,San Jose,CA,Technology,85,,,
public service enterprise group,Newark,NJ,Energy & Utilities,86,,74.0,
xerox,Norwalk,CT,Technology,87,,,
host hotels resorts,Bethesda,MD,Real Estate & Housing,88,,,
cognizant,Teaneck,NJ,Professional Services,89,,,
gap,San Francisco,CA,Retail & Consumer Goods,90,,,
comerica,Dallas,TX,Financial,91,,80.0,
morningstar,Chicago,IL,Financial,92,,,
sba,Boca Raton,FL,Media & Telecommunications,93,,,
equinix,Redwood City,CA,Media & Telecommunications,94,,,
church dwight,Ewing Township,NJ,Retail & Consumer Goods,95,,,
emerson,St. Louis,MO,Capital Goods,96,,,
mt bank,Buffalo,NY,Financial,97,,,
albemarle,Charlotte,NC,Materials & Chemicals,98,,,
watts,North Andover,MA,Capital Goods,99,,,
itron,Liberty Lake,WA,Professional Services,100,,,
fmc,Philadelphia,PA,Materials & Chemicals,101,,,
agco,Duluth,GA,Capital Goods,102,,,
deere,Moline,IL,Capital Goods,103,,,
prudential,Newark,NJ,Financial,104,,,
avnet,Phoenix,AZ,Technology,105,,,
comfort systems usa,Houston,TX,Capital Goods,106,,,
elevance health,Indianapolis,IN,Financial,107,58.0,24.0,ELEVANCE HEALTH
jabil,St. Petersburg,FL,Technology,108,,,
regency centers,Jacksonville,FL,Real Estate & Housing,109,,,
ppg,Pittsburgh,PA,Materials & Chemicals,110,,,
zoetis,Parsippany,NJ,"Health Care, Life Sciences & Pharmaceuticals",111,,,
digital realty,Austin,TX,Real Estate & Housing,112,,,
koppers,Pittsburgh,PA,Materials & Chemicals,113,,,
brixmor property group,New York City,NY,Real Estate & Housing,114,,,
intel,Santa Clara,CA,Technology,115,,,
avalonbay communities,Arlington,VA,Real Estate & Housing,116,,,
mondelēz,Chicago,IL,Retail & Consumer Goods,117,,,
hasbro,Pawtucket,RI,Retail & Consumer Goods,118,,,"HASBRO, INC."
waste management,Houston,TX,Energy & Utilities,119,,98.0,
exl,New York City,NY,Professional Services,120,,,
united rentals,Stamford,CT,Professional Services,121,,,
bread financial,Columbus,OH,Financial,122,,,
pvh,New York City,NY,Retail & Consumer Goods,123,,,
sensata technologies,Attleboro,MA,Technology,124,,,
sherwinwilliams,Cleveland,OH,Materials & Chemicals,125,,,
jm smucker,Orrville,OH,Retail & Consumer Goods,126,,,
american water,Camden,NJ,Energy & Utilities,127,,,
labcorp,Burlington,NC,"Health Care, Life Sciences & Pharmaceuticals",128,,,
ansys,Canonsburg,PA,Software,129,,,
federal realty investment trust,North Bethesda,MD,Real Estate & Housing,130,,,
broadcom,San Jose,CA,Technology,131,,,
texas instruments,Dallas,TX,Technology,132,,96.0,
interface,Atlanta,GA,Materials & Chemicals,133,,,
salesforce,San Francisco,CA,Software,134,70.0,,
kraft heinz,Chicago,IL,Retail & Consumer Goods,135,,,
dana,Maumee,OH,Automotive & Components,136,,,
ibm,Armonk,NY,Technology,137,,,
kimco realty,Jericho,NY,Real Estate & Housing,138,,,
armstrong world industries,Lancaster,PA,Capital Goods,139,,,
gartner,Stamford,CT,Professional Services,140,,,
sempra,San Diego,CA,Energy & Utilities,141,,,
welltower,Toledo,OH,Real Estate & Housing,142,,,
best buy,Richfield,MN,Retail & Consumer Goods,143,,,
micron,Boise,ID,Technology,144,,,
enphase,Fremont,CA,Energy & Utilities,145,,,
littelfuse,Chicago,IL,Technology,146,,,
stanley black decker,New Britain,CT,Capital Goods,147,,,
whirlpool,Benton Harbor,MI,Retail & Consumer Goods,148,,,
hess,New York City,NY,Energy & Utilities,149,,,
wolfspeed,Durham,NC,Technology,150,,,
hormel foods,Austin,MN,Retail & Consumer Goods,151,,,
dropbox,San Francisco,CA,Technology,152,,,
alnylam,Cambridge,MA,"Health Care, Life Sciences & Pharmaceuticals",153,,,
advansix,Parsippany,NJ,Materials & Chemicals,154,,,
dayforce,Minneapolis,MN,Software,155,,65.0,
leslies,Phoenix,AZ,Retail & Consumer Goods,156,,,
iron mountain,Boston,MA,Software,157,,,
deckers outdoor,Goleta,CA,Retail & Consumer Goods,158,,,
wesco,Pittsburgh,PA,Capital Goods,159,,,
walt disney,Burbank,CA,Media & Telecommunications,160,,,
healthpeak properties,Denver,CO,Real Estate & Housing,161,,,
nov,Houston,TX,Energy & Utilities,162,,,
talos energy,Houston,TX,Energy & Utilities,163,,,
hudson pacific properties,Los Angeles,CA,Real Estate & Housing,164,,,
air products and chemicals,Allentown,PA,Materials & Chemicals,165,,,
essential utilities,Bryn Mawr,PA,Energy & Utilities,166,,,
workday,Pleasanton,CA,Technology,167,,,
molson coors beverage,Chicago,IL,Retail & Consumer Goods,168,,,
terex,Norwalk,CT,Capital Goods,169,,,
williamssonoma,San Francisco,CA,Retail & Consumer Goods,170,,,
ribbon,Plano,TX,Media & Telecommunications,171,,,
csx,Jacksonville,FL,Transport & Logistics,172,,,
equity residential,Chicago,IL,Real Estate & Housing,173,,,
marriott international,Bethesda,MD,"Hotels, Dining & Leisure",174,8.0,,
sealed air,Charlotte,NC,Materials & Chemicals,175,,,
mattel,El Segundo,CA,Retail & Consumer Goods,176,,,
servicenow,Santa Clara,CA,Software,177,68.0,16.0,
lpl financial,San Diego,CA,Financial,178,,,
invesco,Atlanta,GA,Financial,179,,,
dolby,San Francisco,CA,Technology,180,,,
mettlertoledo,Columbus,OH,Capital Goods,181,,,
hilton,McLean,VA,"Hotels, Dining & Leisure",182,,,
howmet aerospace,Pittsburgh,PA,Capital Goods,183,,,
macerich,Santa Monica,CA,Real Estate & Housing,184,,,
cirrus logic,Austin,TX,Technology,185,,91.0,
qurate retail group,West Chester,PA,Retail & Consumer Goods,186,,,
bath body works,Columbus,OH,Retail & Consumer Goods,187,,,
empire state realty trust,New York City,NY,Real Estate & Housing,188,,,
snap,Santa Monica,CA,Media & Telecommunications,189,,,
mueller water products,Atlanta,GA,Capital Goods,190,,,
onsemi,Phoenix,AZ,Technology,192,,,
ball,Westminster,CO,Materials & Chemicals,193,,,
helen of troy,El Paso,TX,Retail & Consumer Goods,194,,,
verizon communications,New York City,NY,Media & Telecommunications,195,,17.0,
carters,Atlanta,GA,Retail & Consumer Goods,196,,,
california resources,Long Beach,CA,Energy & Utilities,197,,,
the home depot,Atlanta,GA,Retail & Consumer Goods,198,,,
berry global,Evansville,IN,Materials & Chemicals,199,,,
sonoco products,Hartsville,SC,Materials & Chemicals,200,,,
principal financial group,Des Moines,IA,Financial,201,,11.0,
upwork,Santa Clara,CA,Professional Services,202,,,
amphenol,Wallingford,CT,Technology,203,,,
amgen,Thousand Oaks,CA,"Health Care, Life Sciences & Pharmaceuticals",204,,,
huntington bancshares,Columbus,OH,Financial,205,,18.0,
robert half international,Menlo Park,CA,Professional Services,206,,,
caleres,St. Louis,MO,Retail & Consumer Goods,207,,,
superior industries,Southfield,MI,Automotive & Components,208,,,
enersys,Reading,PA,Energy & Utilities,209,,,
weatherford,Houston,TX,Energy & Utilities,210,,,
silicon labs,Austin,TX,Technology,211,,,
halliburton,Houston,TX,Energy & Utilities,212,,,
macys,New York City,NY,Retail & Consumer Goods,213,,,
carrier,Palm Beach Gardens,FL,Capital Goods,214,,,
jb hunt,Lowell,AZ,Transport & Logistics,215,,,
harleydavidson,Milwaukee,WI,Automotive & Components,216,,,
mplx,Findlay,OH,Energy & Utilities,217,,,
post,St. Louis,MO,Retail & Consumer Goods,218,,,
dicks sporting goods,Coraopolis,PA,Retail & Consumer Goods,219,,,
jones lang lasalle,Chicago,IL,Real Estate & Housing,220,,99.0,
insulet,Acton,MA,"Health Care, Life Sciences & Pharmaceuticals",221,,,
icf,Fairfax,VA,Professional Services,222,,,
illinois tool works,Glenview,IL,Capital Goods,223,,,
kroger,Cincinnati,OH,Retail & Consumer Goods,224,,,
western digital,San Jose,CA,Technology,225,,,
voya financial,New York City,NY,Financial,226,,,
kadant,Westford,MA,Capital Goods,227,,,
manitowoc,Milwaukee,WI,Capital Goods,228,,,
omnicom group,New York City,NY,Professional Services,229,,,
ormat technologies,Reno,NV,Energy & Utilities,230,,,
carlisle companies,Scottsdale,AZ,Materials & Chemicals,231,,,
belden,St. Louis,MO,Capital Goods,232,,,
pnc financial services,Pittsburgh,PA,Financial,233,,,
pitney bowes,Stamford,CT,Technology,234,,,
crown holdings,Philadelphia,PA,Materials & Chemicals,235,,,
united natural foods,Providence,RI,Retail & Consumer Goods,236,,,
kosmos energy,Dallas,TX,Energy & Utilities,237,,,
waters,Milford,MA,"Health Care, Life Sciences & Pharmaceuticals",238,,,
jbg smith,Bethesda,MD,Real Estate & Housing,239,,,
hubspot,Cambridge,MA,Software,240,,,
vontier,Raleigh,NC,Capital Goods,241,,,
bank of new york mellon,New York City,NY,Financial,242,,,
greif,Delaware,OH,Materials & Chemicals,243,,,
oneok,Tulsa,OK,Energy & Utilities,244,,,
kennametal,Pittsburgh,PA,Capital Goods,245,,,
fortive,Everett,WA,Capital Goods,246,,,
sunstone hotel investors,Irvine,CA,Real Estate & Housing,247,,,
pebblebrook hotel trust,Bethesda,MD,"Hotels, Dining & Leisure",248,,,
vital energy,Tulsa,OK,Energy & Utilities,249,,,
foot locker,New York City,NY,Retail & Consumer Goods,250,,,
usana health sciences,West Valley City,UT,Retail & Consumer Goods,251,,,
union pacific,Omaha,NE,Transport & Logistics,252,,4.0,
spire,St. Louis,MO,Energy & Utilities,253,,,
ipg photonics,New York City,NY,Capital Goods,254,,,
caesars entertainment,Reno,NV,"Hotels, Dining & Leisure",255,,,CAESARS ENTERTAINMENT
masco,Livonia,MI,Capital Goods,256,,,
charles river laboratories,Wilmington,MA,"Health Care, Life Sciences & Pharmaceuticals",257,,,
ge healthcare technologies,Chicago,IL,"Health Care, Life Sciences & Pharmaceuticals",258,,,
fortinet,Sunnyvale,CA,Technology,259,,,
murphy oil,Houston,TX,Energy & Utilities,260,,,
zillow,Seattle,WA,Real Estate & Housing,261,,,
ryman hospitality properties,Nashville,TN,Real Estate & Housing,262,,,
park hotels resorts,Tysons,VA,Real Estate & Housing,263,,,
ventas,Chicago,IL,Real Estate & Housing,264,,,
realty income,San Diego,CA,Real Estate & Housing,265,,,
coty,New York City,NY,Retail & Consumer Goods,266,,,
conagra brands,Chicago,IL,Retail & Consumer Goods,267,,,
yum brands,Louisville,KY,"Hotels, Dining & Leisure",268,,,
burlington,Burlington,NJ,Retail & Consumer Goods,269,,,
synopsys,Mountain View,CA,Software,270,,,
edwards lifesciences,Irvine,CA,"Health Care, Life Sciences & Pharmaceuticals",271,,54.0,
lumen,Monroe,LA,Media & Telecommunications,272,,,
kimball electronics,Jasper,IN,Capital Goods,273,,,
lincoln financial,Radnor,PA,Financial,274,,,
ziff davis,New York City,NY,Media & Telecommunications,275,,,
vornado realty trust,New York City,NY,Real Estate & Housing,276,,,
aaon,Tulsa,OK,Capital Goods,277,,,
tractor supply,Brentwood,TN,Retail & Consumer Goods,278,,,
levi strauss,San Francisco,CA,Retail & Consumer Goods,279,,,
abm industries,New York City,NY,Professional Services,280,,,
assurant,New York City,NY,Financial,281,,69.0,
the greenbrier companies,Lake Oswego,OR,Transport & Logistics,282,,,
avis budget group,Parsippany,NJ,Professional Services,283,,,
alexandria real estate equities,Pasadena,CA,Real Estate & Housing,284,,,
keycorp,Cleveland,OH,Financial,285,,76.0,
cooperstandard holdings,Northville,MI,Automotive & Components,286,,,
chart industries,Ball Ground,GA,Capital Goods,288,,,
williams companies,Tulsa,OK,Energy & Utilities,289,,,
advanced drainage systems,Hilliard,OH,Materials & Chemicals,290,,,
honeywell,Charlotte,NC,Capital Goods,291,,,
franklin electric,Fort Wayne,IN,Capital Goods,292,,,
commscope,Hickory,NC,Technology,293,,,
oshkosh,Oshkosh,WI,Automotive & Components,294,,,
monolithic power systems,Kirkland,WA,Technology,295,,,
fedex,Memphis,TN,Transport & Logistics,296,,,
lincoln electric,Cleveland,OH,Capital Goods,297,,,
arista networks,Santa Clara,CA,Media & Telecommunications,298,,,
etsy,Brooklyn,NY,Retail & Consumer Goods,299,,,
columbus mckinnon,Buffalo,NY,Capital Goods,300,,,
oil states international,Houston,TX,Energy & Utilities,301,,,
tyson foods,Springdale,AR,Retail & Consumer Goods,302,,,
resmed,San Diego,CA,"Health Care, Life Sciences & Pharmaceuticals",303,,,
american axle manufacturing holdings,Detroit,MI,Automotive & Components,304,,,
quidelortho,San Diego,CA,"Health Care, Life Sciences & Pharmaceuticals",305,,,
winnebago industries,Eden Prairie,MN,Automotive & Components,306,,,
planet fitness,Hampton,NH,"Hotels, Dining & Leisure",307,,,
steelcase,Grand Rapids,MI,Retail & Consumer Goods,308,,,STEELCASE
paramount group,New York City,NY,Real Estate & Housing,309,,,
lyondellbasell,Houston,TX,Materials & Chemicals,310,,,
fox factory,Duluth,GA,Automotive & Components,311,,,
ipg,New York City,NY,Professional Services,312,,,
hubbell,Shelton,CT,Capital Goods,313,,,
kelly services,Troy,MI,Professional Services,314,,,
intuitive,Sunnyvale,CA,"Health Care, Life Sciences & Pharmaceuticals",315,,,
capital one,McLean,VA,Financial,316,,,CAPITAL ONE
quanta,Houston,TX,Energy & Utilities,317,,,
hologic,Marlborough,MA,"Health Care, Life Sciences & Pharmaceuticals",318,,,
cabot,Boston,MA,Materials & Chemicals,319,,,
petco,San Diego,CA,Retail & Consumer Goods,320,,,
polaris,Medina,MN,Automotive & Components,321,,,
granite construction,Watsonville,CA,Capital Goods,322,,,
intuit,Mountain View,CA,Software,323,23.0,,
bank of america,Charlotte,NC,Financial,324,33.0,,
exact sciences,Madison,WI,"Health Care, Life Sciences & Pharmaceuticals",325,,,
textron,Providence,RI,Capital Goods,326,,,
newmont,Denver,CO,Materials & Chemicals,327,,,
flowserve,Irving,TX,Capital Goods,328,,,
gen digital,Tempe,AZ,Media & Telecommunications,329,,,
diamondrock hospitality,Bethesda,MD,Real Estate & Housing,330,,,
eversource energy,Springfield,MA,Energy & Utilities,331,,7.0,
varex imaging,Salt Lake City,UT,"Health Care, Life Sciences & Pharmaceuticals",332,,,
regal rexnord,Beloit,WI,Capital Goods,333,,,
xenia hotels resorts,Orlando,FL,Real Estate & Housing,334,,,
balchem,Montvale,NJ,Materials & Chemicals,335,,,
regions financial,Birmingham,AL,Financial,336,,,
discover,Riverwoods,IL,Financial,337,,,
general electric,Boston,MA,Capital Goods,338,,,
tpi composites,Scottsdale,AZ,Capital Goods,339,,,
first solar,Tempe,AZ,Energy & Utilities,340,,,
repligen,Waltham,MA,"Health Care, Life Sciences & Pharmaceuticals",341,,,
elanco,Greenfield,IN,"Health Care, Life Sciences & Pharmaceuticals",342,,,
iridium,McLean,VA,Media & Telecommunications,343,,,
essex,San Mateo,CA,Real Estate & Housing,344,,,
the container store,Coppell,TX,Retail & Consumer Goods,345,,,
wabtec,Pittsburgh,PA,Transport & Logistics,346,,,
sun communities,Southfield,MI,Real Estate & Housing,347,,,
acuity brands,Atlanta,GA,Capital Goods,348,,,
transunion,Chicago,IL,Professional Services,349,,,
spx,Charlotte,NC,Capital Goods,350,,,
ch robinson,Eden Prairie,MN,Transport & Logistics,351,,,
electronic arts,Redwood City,CA,Software,352,,,
visteon,Van Buren Township,MI,Automotive & Components,353,,,
wabash,Lafayette,IN,Capital Goods,354,,,
sysco,Houston,TX,Retail & Consumer Goods,355,,,
pactiv evergreen,Lake Forest,IL,Materials & Chemicals,356,,,
jpmorgan chase,New York City,NY,Financial,357,,37.0,
aramark,Philadelphia,PA,"Hotels, Dining & Leisure",358,,,ARAMARK
public storage,Glendale,CA,Real Estate & Housing,359,,,
herc holdings,Bonita Springs,FL,Capital Goods,360,,,
roper technologies,Sarasota,FL,Technology,361,,,
helix energy solutions,Houston,TX,Energy & Utilities,362,,,
ryam,Jacksonville,FL,"Health Care, Life Sciences & Pharmaceuticals",363,,,
performance food,Richmond,VA,Retail & Consumer Goods,364,,,
copt defense properties,Columbia,MD,Real Estate & Housing,365,,,
godaddy,Tempe,AZ,Technology,366,,,
novanta,Bedford,MA,"Health Care, Life Sciences & Pharmaceuticals",367,,,
the andersons,Maumee,OH,Materials & Chemicals,368,,,
spirit aerosystems,Wichita,KS,Capital Goods,369,,,
viasat,Carlsbad,CA,Media & Telecommunications,370,,,
skywork solutions,Irvine,CA,Technology,371,,,
cmc,Irving,TX,Materials & Chemicals,372,,,
element solutions,Fort Lauderdale,FL,Materials & Chemicals,373,,,
factset,Norwalk,CT,Technology,374,,,
vertex pharmaceuticals,Boston,MA,"Health Care, Life Sciences & Pharmaceuticals",375,76.0,,VERTEX PHARMACEUTICALS
lilly,Indianapolis,IN,"Health Care, Life Sciences & Pharmaceuticals",376,,,
msa safety,Cranberry Township,PA,Capital Goods,377,,,
att,Dallas,TX,Media & Telecommunications,378,,,
arcbest,Fort Smith,AZ,Transport & Logistics,379,,,
phibro animal health,Teaneck,NJ,"Health Care, Life Sciences & Pharmaceuticals",380,,,
marvell technology,Wilmington,DE,Technology,381,,,
medical properties trust,Birmingham,AL,Real Estate & Housing,382,,,
oracle,Austin,TX,Technology,383,,,
cohu,Poway,CA,Technology,384,,,
blackbaud,Charleston,SC,Software,385,,,
corning,Corning,NY,Technology,386,,,
equity lifestyle properties,Chicago,IL,Real Estate & Housing,387,,,
california water service group,San Jose,CA,Energy & Utilities,388,,,
sprouts farmers market,Phoenix,AZ,Retail & Consumer Goods,389,,,
portland general electric,Portland,OR,Energy & Utilities,390,,,
nclh norwegian cruise line holdings,Miami,FL,Transport & Logistics,391,,,
synchrony financial,Stamford,CT,Financial,392,,,
centerpoint energy,Houston,TX,Energy & Utilities,393,,,
dun bradstreet,Jacksonville,FL,Financial,394,,,
udr,Highlands Ranch,CO,Real Estate & Housing,395,,,
henry schein,Melville,NY,"Health Care, Life Sciences & Pharmaceuticals",396,,,
donaldson,Bloomington,MN,Capital Goods,397,,,
gibraltar industries,Buffalo,NY,Capital Goods,398,,,
ingevity,North Charleston,SC,Materials & Chemicals,399,,,
fortune brands,Deerfield,IL,Retail & Consumer Goods,400,,,
amh,Calabasas,CA,Real Estate & Housing,401,,,
simpson manufacturing,Pleasanton,CA,Capital Goods,402,,,
range resources,Fort Worth,TX,Energy & Utilities,403,,,
fis,Jacksonville,FL,Technology,404,,,
axalta coating systems,Glen Mills,PA,Materials & Chemicals,405,,,
cintas,Cincinnati,OH,Retail & Consumer Goods,406,,,
fiserv,Milwaukee,WI,Technology,407,,,
us silica,Katy,TX,Materials & Chemicals,408,,,
ppl,Allentown,PA,Energy & Utilities,409,,,
matson,Honolulu,HI,Transport & Logistics,410,,,
alcoa,Pittsburgh,PA,Materials & Chemicals,411,,,
ashland,Wilmington,DE,Materials & Chemicals,412,,,
nordson,Westlake,OH,Capital Goods,413,,,
starbucks,Seattle,WA,"Hotels, Dining & Leisure",414,,,
green plains,Omaha,NE,Materials & Chemicals,415,,,
american vanguard,Newport Beach,CA,Materials & Chemicals,416,,,
standard motor products,Long Island City,NY,Automotive & Components,417,,,
jbt,Chicago,IL,Technology,418,,,
itt,White Plains,NY,Capital Goods,419,,,
rpm international,Medina,OH,Materials & Chemicals,420,,,
parkerhannifin,Cleveland,OH,Capital Goods,421,,,
hanesbrands,Winston-Salem,NC,Retail & Consumer Goods,422,,,
ducommun,Costa Mesa,CA,Capital Goods,423,,,
trimble,Sunnyvale,CA,Technology,424,,,
aecom,Dallas,TX,Professional Services,425,,,
knowles,Itasca,IL,Technology,426,,,
axcelis,Beverly,MA,Technology,427,,,
compass minerals,Overland Park,KS,Materials & Chemicals,428,,,
f5,Seattle,WA,Technology,429,,,
brinker international,Dallas,TX,"Hotels, Dining & Leisure",430,,,
scotts miraclegro,Marysville,OH,Materials & Chemicals,431,,,
lci industries,Elkhart,IN,Automotive & Components,432,,,
darling ingredients,Irving,TX,Retail & Consumer Goods,433,,,
travel leisure,Orlando,FL,"Hotels, Dining & Leisure",434,,,
corteva agriscience,Indianapolis,IN,"Health Care, Life Sciences & Pharmaceuticals",435,,,
adtalem global education,Chicago,IL,Professional Services,436,,,
conocophillips,Houston,TX,Energy & Utilities,437,,,
booz allen hamilton,McLean,VA,Media & Telecommunications,438,,,
eastman,Kingsport,TN,Materials & Chemicals,439,,,
devon energy,Oklahoma City,OK,Energy & Utilities,440,,,
generac,Waukesha,WI,Energy & Utilities,441,,,
array technologies,Albuquerque,NM,Energy & Utilities,442,,,
marsh mclennan,New York City,NY,Professional Services,443,,,
southwest airlines,Dallas,TX,Transport & Logistics,444,,,
kilroy realty,Los Angeles,CA,Real Estate & Housing,446,,,
citizens financial,Providence,RI,Financial,447,,,
simon property group,Indianapolis,IN,Retail & Consumer Goods,448,,,
hb fuller,St. Paul,MN,Technology,449,,,
autozone,Memphis,TN,Automotive & Components,450,,,
envista,Brea,CA,"Health Care, Life Sciences & Pharmaceuticals",451,,,
merit medical systems,South Jordan,UT,"Health Care, Life Sciences & Pharmaceuticals",452,,,
allison transmission,Indianapolis,IN,Capital Goods,453,,,
azz,Fort Worth,TX,Capital Goods,454,,,
lazboy,Monroe,MI,Real Estate & Housing,455,,,
cboe global markets,Chicago,IL,Financial,456,,,
gates industrial,Denver,CO,Capital Goods,457,,,
semtech,Camarillo,CA,Technology,458,,,
horace mann educators,Springfield,IL,Financial,459,,,
camden property trust,Houston,TX,Real Estate & Housing,460,24.0,,
the allstate,Northbrook,IL,Financial,461,,,
midamerica apartment communities,Memphis,TN,Real Estate & Housing,462,,,
gxo,Greenwich,CT,Transport & Logistics,463,,,
montrose environmental,North Little Rock,AR,Professional Services,464,,,
omega healthcare investors,Hunt Valley,MD,Real Estate & Housing,465,,,
kb home,Los Angeles,CA,Real Estate & Housing,466,,,
clearwater paper,Spokane,WA,Materials & Chemicals,467,,,
aes,Arlington,VA,Energy & Utilities,468,,,
catalent,Somerset,NJ,"Health Care, Life Sciences & Pharmaceuticals",469,,,
the odp,Boca Raton,FL,Retail & Consumer Goods,470,,,
dorman products,Colmar,PA,Automotive & Components,471,,,
worthington industries,Columbus,OH,Materials & Chemicals,472,,,
mks instruments,Andover,MA,Technology,473,,,
aig,New York City,NY,Financial,474,,,
dexcom,San Diego,CA,"Health Care, Life Sciences & Pharmaceuticals",475,,,
dominion energy,Richmond,VA,Energy & Utilities,476,,,
dominos pizza,Ann Arbor,MI,"Hotels, Dining & Leisure",477,,,
broadridge,Lake Success,NY,Financial,478,,,
hecla mining,Coeur d'Alene,ID,Materials & Chemicals,479,,,
cf industries holdings,Deerfield,IL,Materials & Chemicals,480,,49.0,
united airlines,Chicago,IL,Transport & Logistics,481,,,
united parcel service,Atlanta,GA,Transport & Logistics,482,,,
adm,Chicago,IL,Materials & Chemicals,483,,,
carpenter technology,Philadelphia,PA,Materials & Chemicals,484,,,
hillenbrand,Batesville,IN,Capital Goods,485,,,
potlatchdeltic,Spokane,WA,Capital Goods,487,,,
chegg,Santa Clara,CA,Professional Services,488,,,
yelp,San Francisco,CA,Media & Telecommunications,489,,,
automatic data processing,Roseland,NJ,Technology,490,,,
graftech international,Brooklyn Heights,OH,Capital Goods,491,,,
cousins properties,Atlanta,GA,Real Estate & Housing,492,,,
atkore,Harvey,IL,Capital Goods,493,,,
thor industries,Elkhart,IN,Automotive & Components,494,,,
peabody energy,St. Louis,MO,Energy & Utilities,495,,,
west pharmaceutical services,Exton,PA,"Health Care, Life Sciences & Pharmaceuticals",496,,,
nrg energy,Houston,TX,Energy & Utilities,497,,,
endeavour group,Beverly Hills,CA,Professional Services,498,,,
national vision,Duluth,GA,Retail & Consumer Goods,499,,,
qorvo,Greensboro,NC,Technology,500,,,
summit materials,Denver,CO,Materials & Chemicals,501,,,
materion,Mayfield Heights,OH,Technology,502,,,
movado group,Paramus,NJ,Retail & Consumer Goods,503,,,
timken,North Canton,OH,Capital Goods,504,,,
idexx laboratories,Westbrook,ME,"Health Care, Life Sciences & Pharmaceuticals",505,,,
vistra,Irving,TX,Energy & Utilities,506,,,
taylor morrison,Scottsdale,AZ,Real Estate & Housing,507,,,
ametek,Berwyn,PA,Technology,508,,,
alamo group,Seguin,TX,Transport & Logistics,509,,,
sunpower,San Jose,CA,Energy & Utilities,510,,,
vulcan materials,Birmingham,AL,Capital Goods,511,,,
netflix,Los Gatos,CA,Media & Telecommunications,512,,,
alaska air,Seattle,WA,Transport & Logistics,513,,,
triumph,Berwyn,PA,Automotive & Components,514,,,
toast,Boston,MA,Software,515,,,
global payments,Atlanta,GA,Financial,516,,,
coeur mining,Chicago,IL,Materials & Chemicals,517,,,
sensient technologies,Milwaukee,WI,Materials & Chemicals,518,,,
ulta beauty,Bolingbrook,IL,Retail & Consumer Goods,519,,,
evergy,Kansas City,MO,Energy & Utilities,520,,,
tjx companies,Framingham,MA,Retail & Consumer Goods,521,,,
jack henry associates,Monett,MO,Financial,522,,,
helmerich payne,Tulsa,OK,Energy & Utilities,523,,,
adt,Boca Raton,FL,Professional Services,524,,,
tradeweb markets,New York City,NY,Financial,525,,,
brunswick,Mettawa,IL,Capital Goods,526,,,
progress software,Burlington,MA,Software,527,,,
advance auto parts,Raleigh,NC,Automotive & Components,528,,,
royal gold,Denver,CO,Energy & Utilities,529,,,
alliant energy,Madison,WI,Energy & Utilities,530,,,
coherent,Saxonburg,PA,Technology,531,,,
the cheesecake factory,Calabasas,CA,"Hotels, Dining & Leisure",532,,,
western midstream,The Woodlands,TX,Energy & Utilities,533,,,
bwx technologies,Lynchburg,VA,Capital Goods,534,,,
papa johns international,Louisville,KY,"Hotels, Dining & Leisure",535,,,
hawkins,Roseville,MN,Materials & Chemicals,536,,,
msci,New York City,NY,Technology,537,,,
truist,Charlotte,NC,Financial,538,,,
clearway energy,Princeton,NJ,Energy & Utilities,539,,,
kontoor,Greensboro,NC,Retail & Consumer Goods,540,,,
quest diagnostics,Secaucus,NJ,"Health Care, Life Sciences & Pharmaceuticals",541,,,
franklin resources,San Mateo,CA,Financial,542,,,
unifi,Greensboro,NC,Materials & Chemicals,543,,,
amkor technology,Tempe,AZ,Technology,544,,,
marriott vacations worldwide,Orlando,FL,"Hotels, Dining & Leisure",545,,,
entegris,Billerica,MA,"Health Care, Life Sciences & Pharmaceuticals",546,,,
sanmina,San Jose,CA,Technology,547,,,
treehouse foods,Oak Brook,IL,Retail & Consumer Goods,548,,,
transdigm,Cleveland,OH,Capital Goods,549,,,
entergy,New Orleans,LA,Energy & Utilities,550,,,ENTERGY CORPORATION
dentsply sirona,Charlotte,NC,"Health Care, Life Sciences & Pharmaceuticals",551,,,
teradyne,North Reading,MA,Technology,552,,,
timkensteel,North Canton,OH,Materials & Chemicals,553,,,
aar,Wood Dale,IL,Transport & Logistics,555,,,
tyler technologies,Plano,TX,Software,556,,,
louisianapacific,Nashville,TN,Capital Goods,557,,,
snapon,Kenosha,WI,Capital Goods,558,,,
quaker houghton,Conshohocken,PA,Materials & Chemicals,559,,,
flowers foods,Thomasville,GA,Retail & Consumer Goods,560,,,
paramount global,New York City,NY,Media & Telecommunications,561,,,
akamai,Cambridge,MA,Media & Telecommunications,562,,,
old dominion freight line,Thomasville,NC,Transport & Logistics,563,,,
dollar general,Goodlettsville,TN,Retail & Consumer Goods,564,,,
constellation energy,Baltimore,MD,Energy & Utilities,565,,,
choice hotels,Rockville,MD,"Hotels, Dining & Leisure",566,,,
teledyne technologies,Thousand Oaks,CA,Technology,567,,,
avanos medical,Alpharetta,GA,"Health Care, Life Sciences & Pharmaceuticals",568,,,
cno financial group,Carmel,IN,Financial,569,,,
the childrens place,Secaucus,NJ,Retail & Consumer Goods,570,,,
the hanover,Worcester,MA,Financial,571,,,
tronox,Stamford,CT,Materials & Chemicals,572,,,
arrow electronics,Centennial,CO,Technology,573,,,
fastenal,Winona,MN,Retail & Consumer Goods,574,,,
integra,Princeton,NJ,"Health Care, Life Sciences & Pharmaceuticals",575,,,
western union,Denver,CO,Financial,576,,,
american airlines,Fort Worth,TX,Transport & Logistics,577,,,
ameriprise financial,Minneapolis,MN,Financial,578,,,
frontdoor,Memphis,TN,Real Estate & Housing,579,,,
universal display,Ewing,NJ,Technology,580,,,
graphic packaging holding,Atlanta,GA,Materials & Chemicals,581,,,
nnn reit,Orlando,FL,Financial,582,,,
ufp industries,Grand Rapids,MI,Real Estate & Housing,583,,,
yeti,Austin,TX,Retail & Consumer Goods,584,,,
boyd,Las Vegas,NV,"Hotels, Dining & Leisure",585,,,
crane,Stamford,CT,Materials & Chemicals,586,,,
piedmont,Atlanta,GA,Real Estate & Housing,587,,,
bellring,St. Louis,MO,Retail & Consumer Goods,588,,,
applied industrial technologies,Cleveland,OH,Capital Goods,589,,,
paccar,Bellevue,WA,Transport & Logistics,590,,,
expeditors international of washington,Seattle,WA,Transport & Logistics,591,,,
expro,Houston,TX,Energy & Utilities,593,,,
sjw group,San Jose,CA,Capital Goods,594,,,
ally financial,Detroit,MI,Financial,595,66.0,,
lkq,Chicago,IL,Retail & Consumer Goods,596,,,
fossil,Richardson,TX,Retail & Consumer Goods,597,,,
okta,San Francisco,CA,Software,598,,,
spectrum brands,Middleton,WI,Retail & Consumer Goods,599,,,
modine manufacturing,Racine,WI,Capital Goods,600,,,
forward,Greeneville,TN,Transport & Logistics,601,,,
hilton worldwide holdings,,,,,1.0,,
synchrony,,,,,5.0,,
wegmans food markets,,,,,6.0,,
accenture,,,,,7.0,5.0,
comcast,,,,,10.0,,
pinnacle financial partners,,,,,11.0,,
plante moran,,,,,12.0,,
deloitte,,,,,13.0,,
power home remodeling,,,,,14.0,,
capital one financial,,,,,15.0,,
orrick,,,,,16.0,,
slalom,,,,,17.0,,
box,,,,,18.0,,
world wide technology,,,,,19.0,,
alston bird,,,,,20.0,,
nationwide,,,,,21.0,,
pricewaterhousecoopers,,,,,22.0,,
rocket companies,,,,,26.0,,
ihg hotels resorts,,,,,28.0,,
texas health resources,,,,,29.0,,
kimleyhorn,,,,,30.0,,
edward jones,,,,,31.0,,
crowe,,,,,32.0,,
baird,,,,,34.0,,
progressive,,,,,35.0,,
navy federal credit union,,,,,37.0,,
atlassian,,,,,38.0,,
credit acceptance,,,,,39.0,,
cheesecake factory,,,,,40.0,,
modern technology solutions,,,,,42.0,,
pultegroup,,,,,43.0,,
rsm us,,,,,44.0,,
protiviti,,,,,45.0,,
workiva,,,,,46.0,,
sap america,,,,,47.0,,
aya healthcare,,,,,48.0,,
publicis sapient,,,,,50.0,,
first american financial,,,,,51.0,,
vizient,,,,,52.0,,
abbvie,,,,,53.0,,
ryan,,,,,54.0,,
david weekley homes,,,,,55.0,,
discover financial services,,,,,56.0,,
dhl express us,,,,,57.0,,
the breakers palm beach,,,,,59.0,,
sheetz,,,,,60.0,,
robert half,,,,,61.0,,
merck us,,,,,62.0,,
ey,,,,,64.0,,
nustar energy,,,,,67.0,,
veterans united home loans,,,,,69.0,,
trek bicycle,,,,,71.0,,
kpmg,,,,,72.0,,KPMG LLP
hyatt hotels,,,,,73.0,,
alight,,,,,74.0,,
new american funding,,,,,75.0,,
experian,,,,,77.0,,
ww grainger,,,,,78.0,,
dow,,,,,79.0,,"DOW, INC."
hilcorp energy,,,,,80.0,,
publix super markets,,,,,81.0,,
stryker,,,,,82.0,,
atlantic health system,,,,,83.0,,
perkins coie,,,,,84.0,,
panda restaurant group,,,,,85.0,,
carmax,,,,,87.0,,
jackson healthcare,,,,,88.0,,
baptist health south florida,,,,,89.0,,
pcl construction,,,,,90.0,,
crowdstrike,,,,,92.0,,
hilti,,,,,93.0,,
delta air lines,,,,,94.0,67.0,DELTA AIR LINES
teleperformance,,,,,95.0,,
wellstar health system,,,,,96.0,,
walmart,,,,,97.0,,
allianz life insurance,,,,,98.0,,
nugget market,,,,,99.0,,
scripps health,,,,,100.0,,
trane technologies,,,,,,6.0,
bank of new york bny,,,,,,8.0,
citigroup,,,,,,9.0,
the cigna group,,,,,,10.0,
medtronic,,,,,,14.0,
alphabet,,,,,,19.0,
american electric power company,,,,,,20.0,
the hartford financial services group,,,,,,25.0,
akamai technologies,,,,,,29.0,
salesforcecom,,,,,,30.0,
abbott laboratories,,,,,,31.0,
fifth third bancorp,,,,,,33.0,
zillow group,,,,,,34.0,
marathon petroleum,,,,,,35.0,
pnc financial services group,,,,,,40.0,
boston scientific,,,,,,42.0,
avangrid,,,,,,45.0,
tmobile us,,,,,,48.0,
international business machines,,,,,,50.0,
micron technology,,,,,,53.0,
paypal holdings,,,,,,55.0,
blackrock,,,,,,57.0,
keysight technologies,,,,,,59.0,
freeportmcmoran,,,,,,60.0,FREEPORT-MCMORAN
edison international,,,,,,61.0,
johnson controls international,,,,,,62.0,
bristolmyers squibb,,,,,,71.0,
prudential financial,,,,,,79.0,"PRUDENTIAL FINANCIAL, INC."
affirm holdings,,,,,,81.0,
gilead sciences,,,,,,84.0,
lincoln national,,,,,,87.0,
agilent technologies,,,,,,88.0,
goldman sachs group,,,,,,92.0,
american water works company,,,,,,93.0,
aflac,,,,,,,AFLAC
ares management,,,,,,,ARES MANAGEMENT
blue cross and blue shield of louisiana,,,,,,,BLUE CROSS AND BLUE SHIELD OF LOUISIANA
blue cross and blue shield of massachusetts,,,,,,,BLUE CROSS AND BLUE SHIELD OF MASSACHUSETTS
blue shield of california,,,,,,,BLUE SHIELD OF CALIFORNIA
charles schwab co,,,,,,,"CHARLES SCHWAB & CO., INC."
citi,,,,,,,CITI
comcast nbcuniversal,,,,,,,COMCAST NBCUNIVERSAL
comerica bank,,,,,,,COMERICA BANK
csaa insurance group a aaa insurer,,,,,,,"CSAA INSURANCE GROUP, A AAA INSURER"
dte energy,,,,,,,DTE ENERGY
health care service,,,,,,,HEALTH CARE SERVICE CORPORATION
john deere,,,,,,,JOHN DEERE
kellanova,,,,,,,KELLANOVA
keybank,,,,,,,KEYBANK
liberty mutual insurance,,,,,,,LIBERTY MUTUAL INSURANCE
old national bank,,,,,,,OLD NATIONAL BANK
pds health,,,,,,,PDS HEALTH
pacific life,,,,,,,PACIFIC LIFE
pimco,,,,,,,PIMCO
point32health,,,,,,,POINT32HEALTH
regeneron pharmaceuticals,,,,,,,"REGENERON PHARMACEUTICALS, INC."
rtx,,,,,,,RTX
standard chartered bank,,,,,,,STANDARD CHARTERED BANK
subaru of america,,,,,,,"SUBARU OF AMERICA, INC."
tata consultancy services,,,,,,,TATA CONSULTANCY SERVICES
tegna,,,,,,,TEGNA
the hershey,,,,,,,THE HERSHEY COMPANY
toyota north america,,,,,,,TOYOTA NORTH AMERICA
ups,,,,,,,UPS
wynn resorts,,,,,,,"WYNN RESORTS, LIMITED"
